{
  "method": "percentile_anchors",
  "languages": {
    "en": {
      "count": 648,
      "raw_low": 0.0009609758853912354,
      "raw_high": 0.9993869066238403,
      "scale": 1.0,
      "offset": 0.0,
      "raw_mean": 0.24979381263256073,
      "calibrated_mean": 0.24979381263256073,
      "shift": 0.0,
      "calibrated": true
    },
    "ru": {
      "count": 504,
      "raw_low": 0.0011539459228515625,
      "raw_high": 0.9994053840637207,
      "scale": 1.0001747982431208,
      "offset": -0.00019317174518029812,
      "raw_mean": 0.2803129553794861,
      "calibrated_mean": 0.2801687717437744,
      "shift": -0.00014418363571166992,
      "calibrated": true
    },
    "uk": {
      "count": 512,
      "raw_low": 0.0014154165983200073,
      "raw_high": 0.9993993043899536,
      "scale": 1.0004429359554028,
      "offset": -0.0004550676518320419,
      "raw_mean": 0.31164467334747314,
      "calibrated_mean": 0.31132766604423523,
      "shift": -0.00031700730323791504,
      "calibrated": true
    },
    "de": {
      "count": 480,
      "raw_low": 0.002750098705291748,
      "raw_high": 0.999376654624939,
      "scale": 1.0018054654555553,
      "offset": -0.0017940880281122843,
      "raw_mean": 0.3541925549507141,
      "calibrated_mean": 0.3533145785331726,
      "shift": -0.0008779764175415039,
      "calibrated": true
    },
    "es": {
      "count": 632,
      "raw_low": 0.0015955567359924316,
      "raw_high": 0.9993663430213928,
      "scale": 1.000656608172993,
      "offset": -0.000635628506194523,
      "raw_mean": 0.28403395414352417,
      "calibrated_mean": 0.2835853099822998,
      "shift": -0.00044864416122436523,
      "calibrated": true
    },
    "ar": {
      "count": 696,
      "raw_low": 0.0060989707708358765,
      "raw_high": 0.9988785982131958,
      "scale": 1.0056873682134628,
      "offset": -0.005172681977941532,
      "raw_mean": 0.2758927643299103,
      "calibrated_mean": 0.2741124927997589,
      "shift": -0.0017802715301513672,
      "calibrated": true
    },
    "hi": {
      "count": 688,
      "raw_low": 0.02254772186279297,
      "raw_high": 0.9992879033088684,
      "scale": 1.0222021676842123,
      "offset": -0.022087354279096444,
      "raw_mean": 0.3893841505050659,
      "calibrated_mean": 0.3839545249938965,
      "shift": -0.005429625511169434,
      "calibrated": true
    },
    "zh": {
      "count": 576,
      "raw_low": 0.026417478919029236,
      "raw_high": 0.9944766163825989,
      "scale": 1.0313687378174479,
      "offset": -0.026285186003646984,
      "raw_mean": 0.3484354615211487,
      "calibrated_mean": 0.3425113260746002,
      "shift": -0.005924135446548462,
      "calibrated": true
    },
    "it": {
      "count": 520,
      "raw_low": 0.0018674731254577637,
      "raw_high": 0.9993491768836975,
      "scale": 1.0009466108266967,
      "offset": -0.0009082650103456517,
      "raw_mean": 0.22355735301971436,
      "calibrated_mean": 0.22290655970573425,
      "shift": -0.0006507933139801025,
      "calibrated": true
    },
    "fr": {
      "count": 624,
      "raw_low": 0.0007433295249938965,
      "raw_high": 0.9993880987167358,
      "scale": 0.999780864567618,
      "offset": 0.00021780925023420067,
      "raw_mean": 0.26376253366470337,
      "calibrated_mean": 0.2639225423336029,
      "shift": 0.00016000866889953613,
      "calibrated": true
    },
    "he": {
      "count": 576,
      "raw_low": 0.005554646253585815,
      "raw_high": 0.9990454316139221,
      "scale": 1.0049674797701549,
      "offset": -0.004621262961089634,
      "raw_mean": 0.2350151538848877,
      "calibrated_mean": 0.23303116858005524,
      "shift": -0.0019839853048324585,
      "calibrated": true
    },
    "ja": {
      "count": 616,
      "raw_low": 0.010988861322402954,
      "raw_high": 0.9993807077407837,
      "scale": 1.0101519294765824,
      "offset": -0.010139443582184698,
      "raw_mean": 0.36325153708457947,
      "calibrated_mean": 0.35966378450393677,
      "shift": -0.0035877525806427,
      "calibrated": true
    },
    "hin": {
      "count": 944,
      "raw_low": 0.03327590227127075,
      "raw_high": 0.9991044402122498,
      "scale": 1.0337507036880103,
      "offset": -0.03343801150338836,
      "raw_mean": 0.3213663399219513,
      "calibrated_mean": 0.3119218349456787,
      "shift": -0.009444504976272583,
      "calibrated": true
    }
  },
  "reference_language": "en",
  "reference_low": 0.0009609758853912354,
  "reference_high": 0.9993869066238403
}