{
  "ar": 0.699999988079071,
  "de": 0.699999988079071,
  "en": 0.699999988079071,
  "es": 0.699999988079071,
  "fr": 0.699999988079071,
  "he": 0.699999988079071,
  "hi": 0.699999988079071,
  "hin": 0.699999988079071,
  "it": 0.699999988079071,
  "ja": 0.699999988079071,
  "other": 0.699999988079071,
  "ru": 0.699999988079071,
  "uk": 0.699999988079071,
  "zh": 0.699999988079071,
  "default": 0.8
}